{
  "name": "dnd5e-dark",
  "title": "D&D5E Dark",
  "description": "A dark sheet style for the default D&D5E character and NPC sheets.",
  "version": 0.2,
  "author": "Stryxin",
  "systems": ["dnd5e"],
  "scripts": [],
  "styles": ["dnd5edark.css"],
  "packs": [],
  "url": "https://github.com/stryxin/dnd5edark-foundryvtt",
    "manifest": "https://raw.githubusercontent.com/stryxin/dnd5edark-foundryvtt/master/module.json",
    "download": "https://github.com/Stryxin/dnd5edark-foundryvtt/raw/master/dnd5e-dark.zip",
  "minimumCoreVersion": "0.4.4"
}